Workbook

Sheet วางข้อมูล
A1: ลำดับ | B1: ชื่อบริษัท | C1: เลขประจำตัวผู้เสียภาษี | D1: สาขา | E1: วันที่ | F1: ครบกำหนดชำระ | G1: เลขที่เอกสาร | H1: ชื่อบัญชี / โค้ดบัญชี | I1: เปอร์เซ็นต์หัก ณ ที่จ่าย | J1: ยอดก่อนภาษีมูลค่าเพิ่ม | K1: ยอดภาษีมูลค่าเพิ่ม | L1: ยอดหลังบวกภาษีมูลค่าเพิ่ม | M1: อ้างอิง | N1: หมายเหตุ | O1: ชื่อไฟล์ใหม่ | P1: ชื่อไฟล์เก่า

Sheet หน้ารายงาน
B2: รายงานการจ่ายชำระค่าขนส่งและค่าบริการ COD | E2: ประจำเดือน | F2: =IF(C8<>"", TEXT(C8, "mmmm"), "") -> #VALUE! | G2: 2025
B3: บริษัท มายออเดอร์ อินเทลลิเจนซ์ จำกัด (สำนักงานใหญ่)
B4: 69/429 หมู่ที่ 2 ตำบลวิชิต อำเภอเมือง จังหวัดภูเก็ต 83000
B5: เลขประจำตัวผู้เสียภาษี 0835563010999
B7: เลขที่เอกสาร | C7: ค่าขนส่งวันที่ | D7: ชื่อขนส่ง | E7: ค่าขนส่งภายในประเทศ | F7: ให้บริการ COD | G7: VAT 7% | H7: รวมเป็นจำนวนเงินทั้งสิ้น | I7: วันที่รับเงินโอนจำนวนเงินที่โอน | J7: เงินโอน ขาด/เกิน | K7: หัก ณ ที่จ่าย 1% | L7: หัก ณ ที่จ่าย 3% | M7: รวมหัก ณ ที่จ่าย | O7: ค่าขนส่งภายในประเทศ | P7: ให้บริการ COD | Q7: VAT 7% | R7: รวมเป็นจำนวนเงินทั้งสิ้น | S7: วันที่รับเงินโอนจำนวนเงินที่โอน | T7: เงินโอน ขาด/เกิน | U7: หัก ณ ที่จ่าย 1% | V7: หัก ณ ที่จ่าย 3% | W7: รวมหัก ณ ที่จ่าย
B8: {=_xlfn.UNIQUE(_xlfn._xlws.FILTER(วางข้อมูล!G2:G998, วางข้อมูล!G2:G998 <> ""))} -> #VALUE! | C8: =IF(B8<>"",TEXT( _xlfn.XLOOKUP(B8,วางข้อมูล!G:G,วางข้อมูล!E:E), "d mmmm yyyy" ),"") -> #VALUE! | D8: =IF(B8<>"","Flash","") -> #VALUE! | E8: {=IF(B8<>"",_xlfn.XLOOKUP( 1, (วางข้อมูล!G:G=B8)*(วางข้อมูล!I:I=1), วางข้อมูล!J:J, "ไม่พบข้อมูล" ),"")} -> #VALUE! | F8: {=IF(B8<>"",_xlfn.XLOOKUP( 1, (วางข้อมูล!G:G = B8) * (วางข้อมูล!I:I = 3), วางข้อมูล!J:J, "ไม่พบข้อมูล" ),"")} -> #VALUE! | G8: =+IF(F8<>"",F8*7/100,"") -> #VALUE! | H8: =IF(B8<>"",SUM(E8:G8),"") -> #VALUE! | I8: {=IF(B8<>"",TEXT(_xlfn.XLOOKUP(B8,วางข้อมูล!G:G,LEFT(วางข้อมูล!N:N,10)),"d mmmm yyyy"),"""")} -> #VALUE! | K8: =IF(E8<>"",E8*1/100,"") -> #VALUE! | L8: =IF(E8<>"",E8*3/100,"") -> #VALUE! | M8: =IF(AND(K8<>"",L8<>""),K8+L8,"") -> #VALUE! | O8: =SUM(E8:E50) -> #VALUE! | P8: =SUM(F8:F50) -> #VALUE! | Q8: =SUM(G8:G50) -> #VALUE! | R8: =SUM(H8:H50) -> #VALUE! | S8: =SUM(I8:I50) -> #VALUE! | T8: =SUM(J8:J50) -> 0 | U8: =SUM(K8:K50) -> #VALUE! | V8: =SUM(L8:L50) -> #VALUE! | W8: =SUM(M8:M50) -> #VALUE!
C9: =IF(B9<>"",TEXT( _xlfn.XLOOKUP(B9,วางข้อมูล!G:G,วางข้อมูล!E:E), "d mmmm yyyy" ),"") | D9: =IF(B9<>"","Flash","") | E9: {=IF(B9<>"",_xlfn.XLOOKUP( 1, (วางข้อมูล!G:G=B9)*(วางข้อมูล!I:I=1), วางข้อมูล!J:J, "ไม่พบข้อมูล" ),"")} | F9: {=IF(B9<>"",_xlfn.XLOOKUP( 1, (วางข้อมูล!G:G = B9) * (วางข้อมูล!I:I = 3), วางข้อมูล!J:J, "ไม่พบข้อมูล" ),"")} | G9: =+IF(F9<>"",F9*7/100,"") | H9: =IF(B9<>"",SUM(E9:G9),"") | I9: {=IF(B9<>"",_xlfn.XLOOKUP(B9,วางข้อมูล!G:G,LEFT(วางข้อมูล!N:N,10)),"")} | K9: =IF(E9<>"",E9*1/100,"") | L9: =IF(E9<>"",E9*3/100,"") | M9: =IF(AND(K9<>"",L9<>""),K9+L9,"")
C10: =IF(B10<>"",TEXT( _xlfn.XLOOKUP(B10,วางข้อมูล!G:G,วางข้อมูล!E:E), "d mmmm yyyy" ),"") | D10: =IF(B10<>"","Flash","") | E10: {=IF(B10<>"",_xlfn.XLOOKUP( 1, (วางข้อมูล!G:G=B10)*(วางข้อมูล!I:I=1), วางข้อมูล!J:J, "ไม่พบข้อมูล" ),"")} | F10: {=IF(B10<>"",_xlfn.XLOOKUP( 1, (วางข้อมูล!G:G = B10) * (วางข้อมูล!I:I = 3), วางข้อมูล!J:J, "ไม่พบข้อมูล" ),"")} | G10: =+IF(F10<>"",F10*7/100,"") | H10: =IF(B10<>"",SUM(E10:G10),"") | I10: {=IF(B10<>"",_xlfn.XLOOKUP(B10,วางข้อมูล!G:G,LEFT(วางข้อมูล!N:N,10)),"")} | K10: =IF(E10<>"",E10*1/100,"") | L10: =IF(E10<>"",E10*3/100,"") | M10: =IF(AND(K10<>"",L10<>""),K10+L10,"")
C11: =IF(B11<>"",TEXT( _xlfn.XLOOKUP(B11,วางข้อมูล!G:G,วางข้อมูล!E:E), "d mmmm yyyy" ),"") | D11: =IF(B11<>"","Flash","") | E11: {=IF(B11<>"",_xlfn.XLOOKUP( 1, (วางข้อมูล!G:G=B11)*(วางข้อมูล!I:I=1), วางข้อมูล!J:J, "ไม่พบข้อมูล" ),"")} | F11: {=IF(B11<>"",_xlfn.XLOOKUP( 1, (วางข้อมูล!G:G = B11) * (วางข้อมูล!I:I = 3), วางข้อมูล!J:J, "ไม่พบข้อมูล" ),"")} | G11: =+IF(F11<>"",F11*7/100,"") | H11: =IF(B11<>"",SUM(E11:G11),"") | I11: {=IF(B11<>"",_xlfn.XLOOKUP(B11,วางข้อมูล!G:G,LEFT(วางข้อมูล!N:N,10)),"")} | K11: =IF(E11<>"",E11*1/100,"") | L11: =IF(E11<>"",E11*3/100,"") | M11: =IF(AND(K11<>"",L11<>""),K11+L11,"")
C12: =IF(B12<>"",TEXT( _xlfn.XLOOKUP(B12,วางข้อมูล!G:G,วางข้อมูล!E:E), "d mmmm yyyy" ),"") | D12: =IF(B12<>"","Flash","") | E12: {=IF(B12<>"",_xlfn.XLOOKUP( 1, (วางข้อมูล!G:G=B12)*(วางข้อมูล!I:I=1), วางข้อมูล!J:J, "ไม่พบข้อมูล" ),"")} | F12: {=IF(B12<>"",_xlfn.XLOOKUP( 1, (วางข้อมูล!G:G = B12) * (วางข้อมูล!I:I = 3), วางข้อมูล!J:J, "ไม่พบข้อมูล" ),"")} | G12: =+IF(F12<>"",F12*7/100,"") | H12: =IF(B12<>"",SUM(E12:G12),"") | I12: {=IF(B12<>"",_xlfn.XLOOKUP(B12,วางข้อมูล!G:G,LEFT(วางข้อมูล!N:N,10)),"")} | K12: =IF(E12<>"",E12*1/100,"") | L12: =IF(E12<>"",E12*3/100,"") | M12: =IF(AND(K12<>"",L12<>""),K12+L12,"")
C13: =IF(B13<>"",TEXT( _xlfn.XLOOKUP(B13,วางข้อมูล!G:G,วางข้อมูล!E:E), "d mmmm yyyy" ),"") | D13: =IF(B13<>"","Flash","") | E13: {=IF(B13<>"",_xlfn.XLOOKUP( 1, (วางข้อมูล!G:G=B13)*(วางข้อมูล!I:I=1), วางข้อมูล!J:J, "ไม่พบข้อมูล" ),"")} | F13: {=IF(B13<>"",_xlfn.XLOOKUP( 1, (วางข้อมูล!G:G = B13) * (วางข้อมูล!I:I = 3), วางข้อมูล!J:J, "ไม่พบข้อมูล" ),"")} | G13: =+IF(F13<>"",F13*7/100,"") | H13: =IF(B13<>"",SUM(E13:G13),"") | I13: {=IF(B13<>"",_xlfn.XLOOKUP(B13,วางข้อมูล!G:G,LEFT(วางข้อมูล!N:N,10)),"")} | K13: =IF(E13<>"",E13*1/100,"") | L13: =IF(E13<>"",E13*3/100,"") | M13: =IF(AND(K13<>"",L13<>""),K13+L13,"")
C14: =IF(B14<>"",TEXT( _xlfn.XLOOKUP(B14,วางข้อมูล!G:G,วางข้อมูล!E:E), "d mmmm yyyy" ),"") | D14: =IF(B14<>"","Flash","") | E14: {=IF(B14<>"",_xlfn.XLOOKUP( 1, (วางข้อมูล!G:G=B14)*(วางข้อมูล!I:I=1), วางข้อมูล!J:J, "ไม่พบข้อมูล" ),"")} | F14: {=IF(B14<>"",_xlfn.XLOOKUP( 1, (วางข้อมูล!G:G = B14) * (วางข้อมูล!I:I = 3), วางข้อมูล!J:J, "ไม่พบข้อมูล" ),"")} | G14: =+IF(F14<>"",F14*7/100,"") | H14: =IF(B14<>"",SUM(E14:G14),"") | I14: {=IF(B14<>"",_xlfn.XLOOKUP(B14,วางข้อมูล!G:G,LEFT(วางข้อมูล!N:N,10)),"")} | K14: =IF(E14<>"",E14*1/100,"") | L14: =IF(E14<>"",E14*3/100,"") | M14: =IF(AND(K14<>"",L14<>""),K14+L14,"")
C15: =IF(B15<>"",TEXT( _xlfn.XLOOKUP(B15,วางข้อมูล!G:G,วางข้อมูล!E:E), "d mmmm yyyy" ),"") | D15: =IF(B15<>"","Flash","") | E15: {=IF(B15<>"",_xlfn.XLOOKUP( 1, (วางข้อมูล!G:G=B15)*(วางข้อมูล!I:I=1), วางข้อมูล!J:J, "ไม่พบข้อมูล" ),"")} | F15: {=IF(B15<>"",_xlfn.XLOOKUP( 1, (วางข้อมูล!G:G = B15) * (วางข้อมูล!I:I = 3), วางข้อมูล!J:J, "ไม่พบข้อมูล" ),"")} | G15: =+IF(F15<>"",F15*7/100,"") | H15: =IF(B15<>"",SUM(E15:G15),"") | I15: {=IF(B15<>"",_xlfn.XLOOKUP(B15,วางข้อมูล!G:G,LEFT(วางข้อมูล!N:N,10)),"")} | K15: =IF(E15<>"",E15*1/100,"") | L15: =IF(E15<>"",E15*3/100,"") | M15: =IF(AND(K15<>"",L15<>""),K15+L15,"")
C16: =IF(B16<>"",TEXT( _xlfn.XLOOKUP(B16,วางข้อมูล!G:G,วางข้อมูล!E:E), "d mmmm yyyy" ),"") | D16: =IF(B16<>"","Flash","") | E16: {=IF(B16<>"",_xlfn.XLOOKUP( 1, (วางข้อมูล!G:G=B16)*(วางข้อมูล!I:I=1), วางข้อมูล!J:J, "ไม่พบข้อมูล" ),"")} | F16: {=IF(B16<>"",_xlfn.XLOOKUP( 1, (วางข้อมูล!G:G = B16) * (วางข้อมูล!I:I = 3), วางข้อมูล!J:J, "ไม่พบข้อมูล" ),"")} | G16: =+IF(F16<>"",F16*7/100,"") | H16: =IF(B16<>"",SUM(E16:G16),"") | I16: {=IF(B16<>"",_xlfn.XLOOKUP(B16,วางข้อมูล!G:G,LEFT(วางข้อมูล!N:N,10)),"")} | K16: =IF(E16<>"",E16*1/100,"") | L16: =IF(E16<>"",E16*3/100,"") | M16: =IF(AND(K16<>"",L16<>""),K16+L16,"")
C17: =IF(B17<>"",TEXT( _xlfn.XLOOKUP(B17,วางข้อมูล!G:G,วางข้อมูล!E:E), "d mmmm yyyy" ),"") | D17: =IF(B17<>"","Flash","") | E17: {=IF(B17<>"",_xlfn.XLOOKUP( 1, (วางข้อมูล!G:G=B17)*(วางข้อมูล!I:I=1), วางข้อมูล!J:J, "ไม่พบข้อมูล" ),"")} | F17: {=IF(B17<>"",_xlfn.XLOOKUP( 1, (วางข้อมูล!G:G = B17) * (วางข้อมูล!I:I = 3), วางข้อมูล!J:J, "ไม่พบข้อมูล" ),"")} | G17: =+IF(F17<>"",F17*7/100,"") | H17: =IF(B17<>"",SUM(E17:G17),"") | I17: {=IF(B17<>"",_xlfn.XLOOKUP(B17,วางข้อมูล!G:G,LEFT(วางข้อมูล!N:N,10)),"")} | K17: =IF(E17<>"",E17*1/100,"") | L17: =IF(E17<>"",E17*3/100,"") | M17: =IF(AND(K17<>"",L17<>""),K17+L17,"")
C18: =IF(B18<>"",TEXT( _xlfn.XLOOKUP(B18,วางข้อมูล!G:G,วางข้อมูล!E:E), "d mmmm yyyy" ),"") | D18: =IF(B18<>"","Flash","") | E18: {=IF(B18<>"",_xlfn.XLOOKUP( 1, (วางข้อมูล!G:G=B18)*(วางข้อมูล!I:I=1), วางข้อมูล!J:J, "ไม่พบข้อมูล" ),"")} | F18: {=IF(B18<>"",_xlfn.XLOOKUP( 1, (วางข้อมูล!G:G = B18) * (วางข้อมูล!I:I = 3), วางข้อมูล!J:J, "ไม่พบข้อมูล" ),"")} | G18: =+IF(F18<>"",F18*7/100,"") | H18: =IF(B18<>"",SUM(E18:G18),"") | I18: {=IF(B18<>"",_xlfn.XLOOKUP(B18,วางข้อมูล!G:G,LEFT(วางข้อมูล!N:N,10)),"")} | K18: =IF(E18<>"",E18*1/100,"") | L18: =IF(E18<>"",E18*3/100,"") | M18: =IF(AND(K18<>"",L18<>""),K18+L18,"")
C19: =IF(B19<>"",TEXT( _xlfn.XLOOKUP(B19,วางข้อมูล!G:G,วางข้อมูล!E:E), "d mmmm yyyy" ),"") | D19: =IF(B19<>"","Flash","") | E19: {=IF(B19<>"",_xlfn.XLOOKUP( 1, (วางข้อมูล!G:G=B19)*(วางข้อมูล!I:I=1), วางข้อมูล!J:J, "ไม่พบข้อมูล" ),"")} | F19: {=IF(B19<>"",_xlfn.XLOOKUP( 1, (วางข้อมูล!G:G = B19) * (วางข้อมูล!I:I = 3), วางข้อมูล!J:J, "ไม่พบข้อมูล" ),"")} | G19: =+IF(F19<>"",F19*7/100,"") | H19: =IF(B19<>"",SUM(E19:G19),"") | I19: {=IF(B19<>"",_xlfn.XLOOKUP(B19,วางข้อมูล!G:G,LEFT(วางข้อมูล!N:N,10)),"")} | K19: =IF(E19<>"",E19*1/100,"") | L19: =IF(E19<>"",E19*3/100,"") | M19: =IF(AND(K19<>"",L19<>""),K19+L19,"")
C20: =IF(B20<>"",TEXT( _xlfn.XLOOKUP(B20,วางข้อมูล!G:G,วางข้อมูล!E:E), "d mmmm yyyy" ),"") | D20: =IF(B20<>"","Flash","") | E20: {=IF(B20<>"",_xlfn.XLOOKUP( 1, (วางข้อมูล!G:G=B20)*(วางข้อมูล!I:I=1), วางข้อมูล!J:J, "ไม่พบข้อมูล" ),"")} | F20: {=IF(B20<>"",_xlfn.XLOOKUP( 1, (วางข้อมูล!G:G = B20) * (วางข้อมูล!I:I = 3), วางข้อมูล!J:J, "ไม่พบข้อมูล" ),"")} | G20: =+IF(F20<>"",F20*7/100,"") | H20: =IF(B20<>"",SUM(E20:G20),"") | I20: {=IF(B20<>"",_xlfn.XLOOKUP(B20,วางข้อมูล!G:G,LEFT(วางข้อมูล!N:N,10)),"")} | K20: =IF(E20<>"",E20*1/100,"") | L20: =IF(E20<>"",E20*3/100,"") | M20: =IF(AND(K20<>"",L20<>""),K20+L20,"")
... C50: =IF(B50<>"",TEXT( _xlfn.XLOOKUP(B50,วางข้อมูล!G:G,วางข้อมูล!E:E), "d mmmm yyyy" ),"") | D50: =IF(B50<>"","Flash","") | E50: {=IF(B50<>"",_xlfn.XLOOKUP( 1, (วางข้อมูล!G:G=B50)*(วางข้อมูล!I:I=1), วางข้อมูล!J:J, "ไม่พบข้อมูล" ),"")} | F50: {=IF(B50<>"",_xlfn.XLOOKUP( 1, (วางข้อมูล!G:G = B50) * (วางข้อมูล!I:I = 3), วางข้อมูล!J:J, "ไม่พบข้อมูล" ),"")} | G50: =+IF(F50<>"",F50*7/100,"") | H50: =IF(B50<>"",SUM(E50:G50),"") | I50: {=IF(B50<>"",_xlfn.XLOOKUP(B50,วางข้อมูล!G:G,LEFT(วางข้อมูล!N:N,10)),"")} | K50: =IF(E50<>"",E50*1/100,"") | L50: =IF(E50<>"",E50*3/100,"") | M50: =IF(AND(K50<>"",L50<>""),K50+L50,"")
